{"cameraMode":{"drawMode":0,"name":"Shaded","section":"Shading Mode"},"sceneLighting":true,"audioPlay":false,"sceneViewState":{"m_AlwaysRefresh":false,"showFog":true,"showSkybox":true,"showFlares":true,"showImageEffects":true,"showParticleSystems":true,"showVisualEffectGraphs":true,"m_FxEnabled":true},"in2DMode":false,"pivot":{"x":5.545473575592041,"y":-0.6686573028564453,"z":-21.33414077758789},"rotation":{"x":0.01633196510374546,"y":0.9831861853599548,"z":-0.11290132254362107,"w":0.14352872967720033},"size":15.529693603515625,"orthographic":false}