{"cameraMode":{"drawMode":0,"name":"Shaded","section":"Shading Mode"},"sceneLighting":true,"audioPlay":false,"sceneViewState":{"m_AlwaysRefresh":false,"showFog":true,"showSkybox":true,"showFlares":true,"showImageEffects":true,"showParticleSystems":true,"showVisualEffectGraphs":true,"m_FxEnabled":true},"in2DMode":false,"pivot":{"x":-18.351316452026368,"y":-27.230749130249025,"z":-255.49346923828126},"rotation":{"x":-0.002825171686708927,"y":0.9977128505706787,"z":-0.049121394753456119,"w":-0.050540726631879809},"size":136.84515380859376,"orthographic":false}