{"cameraMode":{"drawMode":0,"name":"Shaded","section":"Shading Mode"},"sceneLighting":true,"audioPlay":false,"sceneViewState":{"m_AlwaysRefresh":false,"showFog":true,"showSkybox":true,"showFlares":true,"showImageEffects":true,"showParticleSystems":true,"showVisualEffectGraphs":true,"m_FxEnabled":true},"in2DMode":false,"pivot":{"x":-170.17758178710938,"y":39.49983596801758,"z":202.94219970703126},"rotation":{"x":0.06912325322628021,"y":0.3421632945537567,"z":0.025676283985376359,"w":-0.9369611144065857},"size":136.84515380859376,"orthographic":false}